CompensationID,Salary,Bonus,BenefitsEnrollment,StockOptions,PayGrade,BonusPercentage
1,47266,9951,No,No,7,11
2,93074,3020,No,No,3,3
3,49967,4336,Yes,No,9,11
4,11348,4437,No,Yes,7,11
5,30822,10209,Yes,No,2,3
6,65502,8603,No,Yes,1,3
7,31174,5971,No,Yes,8,5
8,65347,9398,No,No,7,11
9,16436,10741,No,Yes,7,11
10,85288,6154,Yes,Yes,7,5
11,80638,12051,Yes,Yes,7,11
12,42720,10276,Yes,Yes,3,5
13,68771,11884,No,Yes,8,5
14,63811,14554,Yes,No,3,3
15,15355,7738,Yes,No,9,5
16,30884,12577,Yes,No,2,11
17,73419,4210,No,Yes,9,11
18,66012,12128,Yes,No,7,9
19,51964,12999,Yes,Yes,4,9
20,84732,3895,No,Yes,7,5
21,75753,10218,No,Yes,1,5
22,76158,6212,No,No,2,11
23,46648,4199,Yes,No,1,9
24,62853,9332,No,Yes,5,9
25,92221,12579,Yes,No,1,5
26,83202,6999,No,Yes,5,11
27,78768,12778,No,Yes,6,11
28,18257,12493,Yes,Yes,7,3
29,87217,11253,No,Yes,5,3
30,95145,7378,Yes,Yes,2,3
31,39823,6695,No,No,8,5
32,66636,5166,Yes,No,8,5
33,79827,11525,Yes,No,7,3
34,47429,7168,No,No,7,9
35,26582,12055,No,No,7,3
36,94307,6354,No,Yes,8,3
37,70188,3404,No,No,5,3
38,85976,4213,No,Yes,9,5
39,94329,10405,No,Yes,1,11
40,47197,11630,Yes,Yes,3,5
41,50304,6744,No,Yes,1,11
42,80573,11068,Yes,No,1,9
43,45826,11270,No,Yes,9,3
44,67339,4229,No,Yes,7,3
45,60514,11745,No,Yes,8,5
46,38675,14425,No,Yes,3,3
47,39608,3373,No,No,3,11
48,64873,13393,Yes,No,4,11
49,77335,4046,Yes,No,8,9
50,30961,14723,No,Yes,9,9
51,49192,13922,No,No,7,11
52,60301,7073,Yes,Yes,3,5
53,59449,10579,Yes,No,2,11
54,40027,7383,Yes,No,6,9
55,34649,10760,Yes,Yes,3,5
56,30441,12474,No,Yes,6,9
57,72390,11250,Yes,Yes,3,11
58,96102,4941,No,No,7,9
59,62400,12558,No,No,2,5
60,82120,12931,Yes,No,6,5
61,39033,7991,No,No,6,9
62,92824,12058,No,No,5,9
63,59837,10664,No,No,2,11
64,67975,5513,No,No,7,9
65,81995,11322,No,Yes,7,9
66,82068,6228,No,Yes,8,11
67,66997,12903,Yes,Yes,7,5
68,39364,4455,No,No,4,5
69,79283,6303,Yes,Yes,6,11
70,41622,11394,Yes,Yes,1,5
71,94700,3806,No,Yes,2,3
72,71377,10036,No,No,7,3
73,95344,13175,No,No,3,5
74,72119,11165,No,No,9,9
75,73836,10876,No,No,8,3
76,90667,5659,Yes,No,4,5
77,69715,4909,Yes,No,9,9
78,11182,4658,No,No,6,3
79,95998,10777,Yes,No,6,11
80,38680,6868,No,Yes,8,9
81,75037,8201,No,Yes,3,11
82,75876,8023,No,Yes,9,9
83,91836,6882,No,Yes,6,5
84,96976,9924,No,Yes,9,3
85,45098,10504,Yes,No,5,3
86,73631,6391,Yes,No,5,3
87,98411,5686,No,Yes,3,11
88,83262,6991,Yes,No,4,3
89,19535,13237,No,No,2,5
90,61827,10182,Yes,Yes,5,3
91,97199,7014,Yes,No,3,5
92,45121,3653,Yes,Yes,3,9
93,82890,4089,Yes,Yes,1,5
94,60124,11058,No,No,7,3
95,16957,4437,No,No,5,5
96,33555,3140,Yes,No,3,9
97,82002,10052,No,No,7,5
98,36950,13287,Yes,Yes,3,3
99,59000,4615,Yes,No,2,3
100,85974,7875,Yes,No,7,5
101,66643,10753,Yes,Yes,3,11
102,23925,14352,Yes,Yes,8,11
103,83125,6860,No,Yes,2,5
104,26545,10163,No,No,7,5
105,49152,6075,No,No,1,11
106,41475,7926,No,No,6,3
107,35160,7969,Yes,No,3,3
108,22420,14938,No,Yes,7,11
109,45614,14452,Yes,No,4,9
110,28371,7107,Yes,No,1,9
111,59558,14336,No,Yes,1,11
112,58587,5183,No,No,4,3
113,17902,8181,Yes,No,3,9
114,70467,13076,No,Yes,7,9
115,17022,13459,Yes,Yes,3,5
116,92585,6126,Yes,No,6,9
117,28389,4410,Yes,No,5,11
118,60592,3878,No,Yes,1,5
119,67463,6178,Yes,Yes,1,5
120,28216,9677,Yes,Yes,4,11
121,49370,5016,No,Yes,4,9
122,82958,4546,Yes,No,9,11
123,71114,10119,No,Yes,1,9
124,79181,9874,Yes,No,3,3
125,61156,14417,Yes,No,4,11
126,38982,13809,No,Yes,3,5
127,88599,7306,Yes,No,8,3
128,44129,13060,Yes,Yes,5,11
129,62236,12388,Yes,No,6,3
130,50782,4180,No,Yes,5,11
131,97214,5397,No,No,6,11
132,49740,4293,Yes,Yes,3,3
133,67992,7811,Yes,Yes,7,5
134,97107,11108,No,Yes,9,11
135,31954,8726,No,No,5,5
136,95390,7233,Yes,Yes,1,5
137,33727,5964,Yes,No,2,11
138,17451,13888,No,Yes,2,11
139,45589,7601,No,No,5,11
140,31838,7800,Yes,No,5,3
141,30228,11979,No,No,7,11
142,17828,3954,Yes,Yes,4,3
143,60446,10023,Yes,No,6,3
144,57737,14804,Yes,Yes,6,11
145,61789,14725,No,Yes,4,9
146,18204,12454,Yes,Yes,5,9
147,98409,12402,Yes,Yes,1,11
148,53487,8521,No,Yes,6,3
149,57704,9257,No,Yes,9,11
150,92645,12484,No,Yes,4,5
151,16407,7884,Yes,No,6,11
152,58194,3889,Yes,Yes,9,3
153,99168,8135,No,Yes,7,3
154,79911,9593,No,Yes,5,5
155,90220,5921,Yes,Yes,4,11
156,96073,6588,Yes,No,6,11
157,45552,5500,No,Yes,8,11
158,19478,12400,Yes,Yes,7,9
159,57293,10270,Yes,Yes,3,11
160,72444,6506,No,No,7,3
161,47011,12333,No,Yes,3,9
162,56846,12071,No,No,3,9
163,61363,3394,No,No,6,9
164,49903,4499,No,Yes,2,9
165,24744,3037,Yes,No,1,3
166,83035,3989,No,No,2,9
167,16698,8385,No,No,6,9
168,24574,13876,Yes,Yes,8,9
169,10953,4045,Yes,Yes,1,9
170,79435,14991,Yes,No,3,9
171,93926,5399,No,No,8,5
172,72771,4762,Yes,No,1,3
173,74171,7486,Yes,Yes,4,5
174,32434,10955,Yes,Yes,2,11
175,14471,5334,Yes,No,8,9
176,59674,3396,Yes,No,2,5
177,52460,14794,Yes,Yes,4,11
178,34502,13450,Yes,No,1,3
179,87700,14773,No,Yes,6,3
180,43446,8324,No,No,5,3
181,57409,11233,No,Yes,7,5
182,56360,13347,Yes,Yes,6,11
183,74345,12081,Yes,No,3,5
184,75120,3350,Yes,Yes,6,3
185,89867,12629,Yes,Yes,1,5
186,81012,8596,Yes,Yes,6,3
187,48047,5365,Yes,Yes,3,5
188,74258,9023,No,No,2,9
189,38491,12399,No,No,5,11
190,86654,4467,No,No,1,9
191,93856,9557,No,Yes,4,3
192,78918,14855,No,No,7,11
193,31690,7540,No,Yes,4,3
194,82201,13363,No,Yes,7,5
195,79822,13917,No,No,7,9
196,90523,9737,No,Yes,8,3
197,22480,6969,No,Yes,7,5
198,16355,13448,No,Yes,4,11
199,41316,11339,No,Yes,8,3
200,55830,3883,No,Yes,9,11
201,87735,12403,No,No,9,11
202,29867,6578,Yes,Yes,9,3
203,76144,13746,Yes,Yes,6,5
204,27216,10089,Yes,No,6,3
205,39902,10087,Yes,Yes,1,11
206,91723,11995,Yes,No,8,3
207,12031,9651,Yes,No,5,9
208,64751,12867,No,No,9,3
209,73757,10582,No,No,4,11
210,47500,6457,No,Yes,8,11
211,99445,9470,No,Yes,1,9
212,38626,13756,No,Yes,8,5
213,64642,9190,No,No,6,11
214,61392,5599,No,No,3,9
215,68697,4977,Yes,No,5,11
216,19819,14743,Yes,No,2,9
217,89257,10197,No,Yes,3,3
218,91406,9121,No,No,2,5
219,34787,4500,No,Yes,1,11
220,49109,11113,Yes,No,1,11
221,36125,12953,No,Yes,1,3
222,40798,14908,No,Yes,8,5
223,77276,11526,Yes,No,2,11
224,51797,6554,No,No,6,5
225,41822,10977,Yes,Yes,6,11
226,92989,14555,No,Yes,3,11
227,73357,8462,Yes,No,2,3
228,25888,7939,No,No,5,11
229,80112,3269,Yes,Yes,7,9
230,14125,4058,Yes,No,9,5
231,26003,4115,No,Yes,5,9
232,58882,6409,Yes,Yes,5,11
233,10120,5640,No,Yes,8,3
234,85805,10934,No,No,1,3
235,38191,9280,No,No,2,5
236,87039,9497,No,No,9,9
237,69699,12868,Yes,Yes,6,9
238,89923,3310,Yes,No,8,9
239,41818,3192,No,Yes,6,9
240,61899,6549,No,No,5,5
241,43956,10225,Yes,No,3,11
242,10930,5110,Yes,No,7,11
243,13363,9980,Yes,No,1,5
244,45741,10360,No,No,3,9
245,17371,14621,Yes,No,9,9
246,38250,5432,Yes,No,3,3
247,57115,9291,No,Yes,8,11
248,93291,10730,Yes,No,8,5
249,30981,9006,Yes,No,9,3
250,33907,3385,Yes,No,8,3
251,70290,10056,No,Yes,6,3
252,51515,5333,Yes,No,7,5
253,45216,10334,No,Yes,9,3
254,10616,14955,No,No,1,9
255,90091,11446,Yes,Yes,5,11
256,89692,13399,No,Yes,5,9
257,92538,12921,No,No,5,5
258,97862,8826,Yes,Yes,1,11
259,93847,12927,Yes,No,8,3
260,24744,11094,No,No,7,11
261,82115,9906,Yes,No,1,3
262,50941,7457,Yes,Yes,6,9
263,13951,5106,Yes,No,1,9
264,90212,4299,Yes,Yes,5,9
265,35368,5623,Yes,Yes,2,11
266,25423,3152,Yes,No,8,3
267,60633,3615,Yes,Yes,3,9
268,75105,3210,Yes,No,8,3
269,75086,4982,No,Yes,7,5
270,83720,10293,No,Yes,2,9
271,16958,10695,Yes,No,8,9
272,30309,10693,Yes,Yes,4,11
273,42541,14873,No,Yes,9,11
274,92771,12200,Yes,Yes,4,3
275,71862,4270,No,Yes,6,5
276,68389,6389,No,No,4,3
277,22558,7775,Yes,No,7,3
278,46663,3871,No,No,7,5
279,80255,6420,No,Yes,8,3
280,63797,8152,No,No,1,9
281,17953,13545,Yes,No,6,3
282,52710,6297,No,Yes,3,11
283,49005,14397,No,Yes,7,9
284,27514,8085,No,No,3,11
285,26438,7181,No,Yes,6,3
286,38102,7482,No,No,6,9
287,52216,10860,No,Yes,2,5
288,37131,8284,Yes,Yes,7,9
289,67446,8634,Yes,No,5,11
290,87133,12583,No,No,7,3
291,29864,12648,No,No,1,5
292,22891,11839,No,No,1,9
293,23645,9699,No,No,8,9
294,59450,11688,Yes,No,1,9
295,50742,8205,No,Yes,7,5
296,83434,10283,No,No,9,3
297,41663,5401,Yes,Yes,2,9
298,45516,14566,Yes,Yes,2,9
299,36717,3509,Yes,Yes,9,3
300,69291,4510,No,No,7,11
301,81679,4493,No,Yes,6,5
302,47720,13824,Yes,No,5,3
303,20781,11722,No,No,5,3
304,58577,10274,Yes,Yes,6,3
305,10599,8959,No,No,3,11
306,60730,13901,Yes,No,4,3
307,82232,10465,Yes,No,8,5
308,79721,12778,No,Yes,6,9
309,78363,9942,No,Yes,7,3
310,34051,12812,Yes,No,6,3
311,95827,14696,No,No,8,9
312,23619,9335,Yes,No,2,11
313,33200,3266,No,No,4,5
314,43373,8432,No,No,9,5
315,20528,7657,Yes,No,9,11
316,51319,13319,Yes,Yes,9,9
317,52315,11391,No,No,9,9
318,88287,11477,No,No,9,11
319,91809,10770,No,Yes,7,9
320,93067,9846,No,No,5,11
321,94976,4586,Yes,Yes,4,9
322,59782,6379,Yes,Yes,7,3
323,74210,9015,Yes,Yes,2,5
324,24578,8682,Yes,Yes,1,3
325,75437,10948,Yes,No,4,11
326,47107,3416,Yes,No,9,5
327,92499,10237,Yes,Yes,1,11
328,34289,9677,Yes,No,1,11
329,80261,8501,Yes,Yes,7,3
330,67537,8644,No,Yes,8,9
331,97186,8393,No,No,6,5
332,50123,9222,Yes,No,8,11
333,10462,12616,No,Yes,1,9
334,24446,6419,No,No,4,9
335,73882,6166,Yes,Yes,4,11
336,24918,8170,No,Yes,4,9
337,10208,14479,Yes,Yes,3,3
338,45016,6701,Yes,No,4,3
339,45275,7196,Yes,No,4,9
340,59687,9116,No,Yes,7,5
341,23919,3728,Yes,Yes,6,5
342,94053,12698,Yes,Yes,5,3
343,57236,7270,No,Yes,2,9
344,11836,7764,No,No,2,5
345,17172,11904,Yes,No,8,3
346,47301,6371,No,No,5,11
347,10722,8421,Yes,No,1,5
348,56608,12742,No,No,7,11
349,62200,12101,No,Yes,9,9
350,54943,3949,Yes,No,1,9
351,87119,9976,Yes,No,4,5
352,53574,5330,Yes,No,5,9
353,21179,6653,No,No,4,9
354,99738,10836,Yes,Yes,1,11
355,95554,8701,No,Yes,4,5
356,98444,7659,Yes,No,7,5
357,93005,13526,Yes,No,9,5
358,38364,8124,No,No,7,11
359,34170,5978,Yes,Yes,3,5
360,33122,10496,No,Yes,3,9
361,95816,9705,Yes,No,3,9
362,58684,14377,No,No,9,11
363,53904,14047,No,Yes,3,9
364,31039,3797,Yes,No,4,11
365,70893,14110,Yes,Yes,9,5
366,65198,4536,Yes,Yes,3,9
367,19267,10064,Yes,No,5,3
368,90816,7751,No,Yes,3,9
369,83633,13092,Yes,No,3,3
370,83075,10601,No,No,7,3
371,66427,12155,Yes,No,9,9
372,68497,9347,Yes,Yes,1,5
373,43730,10479,No,No,8,9
374,82972,10331,No,No,3,11
375,82402,14927,No,No,2,3
376,10978,10323,No,No,8,11
377,48145,6756,Yes,Yes,8,9
378,48977,12766,No,No,6,9
379,21178,7543,Yes,Yes,5,3
380,21269,14028,No,No,1,5
381,48964,12251,No,No,9,5
382,73971,7048,Yes,Yes,3,11
383,68504,3511,Yes,No,7,3
384,58401,14283,No,Yes,4,3
385,48678,11924,No,No,7,3
386,40925,13503,Yes,Yes,8,9
387,30724,5361,No,No,9,11
388,58518,9496,Yes,No,3,5
389,25176,5120,Yes,No,7,9
390,37166,10674,Yes,Yes,8,5
391,76784,13723,Yes,No,3,9
392,94320,3583,No,Yes,6,9
393,60561,9382,No,Yes,8,11
394,25989,8864,No,Yes,8,9
395,54109,3925,No,Yes,8,3
396,26280,9541,No,Yes,4,3
397,87268,3768,Yes,No,2,5
398,85572,6826,No,No,9,9
399,97083,13118,Yes,Yes,5,5
400,72310,4844,No,Yes,9,3
401,11540,6614,Yes,No,1,3
402,14306,10166,No,No,6,3
403,17404,10023,No,No,2,11
404,29216,14601,Yes,No,6,5
405,54504,6706,No,No,4,11
406,45122,8972,Yes,Yes,2,5
407,14535,8039,No,Yes,4,5
408,54883,14881,Yes,Yes,9,3
409,76482,6378,Yes,No,6,11
410,85721,3093,No,No,3,11
411,51832,4566,No,Yes,7,5
412,59641,8410,Yes,Yes,3,11
413,78055,14100,Yes,No,3,11
414,61665,4667,Yes,Yes,8,5
415,18176,11711,Yes,Yes,2,3
416,41702,7358,Yes,No,6,3
417,75354,5453,No,Yes,7,9
418,91988,6413,Yes,Yes,4,5
419,50234,5377,No,No,7,11
420,80855,9822,No,No,7,3
421,29984,3456,Yes,No,6,9
422,91337,6349,No,Yes,8,9
423,17631,9387,No,No,8,3
424,22523,3370,No,No,4,5
425,18790,9374,No,Yes,3,9
426,35654,7335,Yes,Yes,4,11
427,51538,3450,No,No,6,9
428,71424,11437,Yes,No,9,9
429,15534,13194,No,No,8,11
430,73018,4245,No,Yes,1,3
431,44497,10348,Yes,Yes,9,3
432,10567,3018,Yes,No,8,5
433,70133,10743,Yes,No,6,9
434,17835,13026,No,No,1,5
435,99333,10458,Yes,No,1,11
436,13449,10784,Yes,No,2,5
437,93439,14817,Yes,No,7,11
438,51068,13736,No,No,3,9
439,45007,13806,Yes,Yes,3,3
440,37321,13546,No,Yes,7,9
441,52464,13065,No,No,3,3
442,62990,7604,No,No,3,11
443,22231,4524,Yes,No,5,9
444,45181,10383,No,No,5,5
445,79377,4200,No,No,1,9
446,71337,14046,Yes,Yes,9,5
447,40687,9212,Yes,Yes,1,3
448,61190,9079,Yes,No,2,11
449,33941,6681,No,Yes,8,3
450,59511,4867,No,No,2,3
451,49471,14738,Yes,Yes,9,9
452,97886,8498,Yes,Yes,7,11
453,69785,6924,Yes,No,5,3
454,88421,7015,Yes,No,5,5
455,12759,6108,Yes,Yes,2,5
456,71251,8728,No,No,6,3
457,94725,10065,No,Yes,4,3
458,54674,7201,No,Yes,9,5
459,14351,3993,Yes,No,1,3
460,47050,5912,Yes,No,9,3
461,30723,9576,Yes,Yes,9,9
462,67044,13347,No,Yes,5,11
463,90870,3160,No,Yes,5,3
464,57635,12786,No,Yes,1,5
465,96595,14560,Yes,No,6,5
466,95483,12585,Yes,Yes,5,9
467,54989,9164,No,Yes,4,11
468,67419,12393,No,No,3,11
469,34111,14298,No,Yes,6,5
470,33147,8372,Yes,Yes,7,3
471,92703,13326,No,No,4,9
472,82124,8440,Yes,No,1,5
473,86458,6067,Yes,No,9,3
474,40817,7013,No,No,9,9
475,81829,12787,Yes,No,7,11
476,93621,7751,Yes,No,4,3
477,23303,5402,Yes,No,3,9
478,39236,14635,No,No,7,5
479,77560,5714,No,Yes,8,5
480,43767,3892,Yes,Yes,2,9
481,63973,12035,No,Yes,5,11
482,87107,5933,No,No,4,11
483,69020,4797,No,Yes,5,11
484,40949,13311,Yes,No,6,3
485,37950,3567,No,Yes,3,9
486,61112,6708,Yes,No,8,5
487,68234,6968,Yes,No,9,3
488,74899,14475,No,Yes,5,11
489,72431,10512,No,Yes,7,3
490,79381,6764,Yes,No,5,9
491,73312,4495,No,No,3,11
492,51792,6219,No,Yes,4,11
493,19268,8112,Yes,No,7,9
494,49457,3623,Yes,No,4,11
495,49432,10892,No,No,6,9
496,89873,8584,Yes,No,8,9
497,61327,8086,No,Yes,2,3
498,30640,5463,Yes,No,1,9
499,99705,5449,No,No,6,3
500,41422,12432,Yes,No,4,9
501,83840,10231,No,Yes,9,9
502,99058,12378,Yes,Yes,2,5
503,85996,7608,No,Yes,7,11
504,87871,4722,Yes,No,6,3
505,12009,13871,No,No,4,9
506,66931,9423,No,Yes,6,5
507,19992,8853,No,No,5,9
508,64664,12727,No,Yes,6,9
509,11393,14019,No,No,7,3
510,27054,11072,No,Yes,3,3
511,50959,4692,No,No,6,9
512,60847,9022,No,Yes,9,5
513,98661,6431,No,Yes,1,5
514,55764,4360,Yes,Yes,1,5
515,50491,12095,No,No,3,9
516,67393,14335,Yes,No,5,5
517,32059,9141,Yes,No,8,3
518,52645,10829,No,No,3,9
519,90848,13940,Yes,No,5,5
520,59097,4755,No,No,4,11
521,18497,7683,No,Yes,6,9
522,56978,3792,Yes,No,9,3
523,51171,8255,Yes,No,6,3
524,72471,14171,No,Yes,3,9
525,81978,12563,No,Yes,2,3
526,39927,14392,No,No,6,5
527,64209,11156,No,No,1,3
528,65066,8880,No,No,6,5
529,20955,4946,Yes,Yes,8,3
530,11764,3078,No,Yes,1,3
531,55864,3991,Yes,Yes,3,3
532,94983,9118,No,No,1,3
533,34230,10079,No,No,7,3
534,51768,5406,Yes,No,1,5
535,17965,5612,Yes,Yes,4,3
536,77176,7174,No,No,4,11
537,83426,8698,No,No,7,9
538,51999,5741,Yes,No,5,3
539,60427,4336,Yes,No,9,3
540,12465,10378,Yes,Yes,7,9
541,30944,14812,Yes,No,2,9
542,53392,5077,No,No,2,3
543,33373,12822,No,No,9,3
544,42662,11566,Yes,No,7,5
545,91459,7088,Yes,Yes,2,3
546,39884,10488,No,Yes,9,9
547,94963,7299,Yes,Yes,1,11
548,28268,10540,Yes,No,4,11
549,48232,12677,No,Yes,2,3
550,61995,11534,Yes,No,9,11
551,14027,10003,Yes,Yes,8,3
552,99004,6379,Yes,No,7,3
553,17100,13585,No,Yes,4,3
554,48693,5792,Yes,Yes,4,9
555,33246,3520,Yes,Yes,9,3
556,65002,5797,Yes,No,1,11
557,89881,7854,Yes,No,3,11
558,25343,5435,No,No,2,11
559,99598,13681,Yes,No,1,3
560,47513,4048,Yes,No,1,9
561,98327,14186,No,No,3,9
562,42264,13111,No,No,5,11
563,18541,14297,No,Yes,7,3
564,42636,9032,Yes,No,1,5
565,26073,4434,No,Yes,6,5
566,27450,13151,No,Yes,6,9
567,35821,4955,No,No,4,11
568,28585,3822,Yes,Yes,6,3
569,70840,4238,Yes,Yes,3,5
570,54095,9895,Yes,No,1,11
571,72691,7351,No,No,2,9
572,59867,12643,Yes,No,5,3
573,32218,11713,No,Yes,3,9
574,31107,11041,No,Yes,9,5
575,10306,12637,Yes,Yes,7,9
576,14993,3184,No,No,7,9
577,85291,4027,No,No,1,5
578,32267,8949,No,No,4,11
579,99982,7048,Yes,No,2,9
580,59414,4887,No,No,1,3
581,22789,3786,Yes,No,7,3
582,94282,12925,No,No,1,9
583,96450,3863,No,Yes,2,9
584,63248,14242,Yes,Yes,7,5
585,53844,4387,No,Yes,2,9
586,59421,7819,Yes,No,6,3
587,45347,5011,No,Yes,9,11
588,36568,12485,Yes,Yes,6,11
589,80944,10341,Yes,Yes,5,11
590,92528,14399,Yes,Yes,6,11
591,53315,4412,No,Yes,9,5
592,89340,14842,No,No,5,9
593,72199,13330,Yes,Yes,3,9
594,44752,7177,Yes,No,5,9
595,46906,12898,Yes,Yes,9,5
596,61080,8908,No,No,7,11
597,55303,5217,Yes,No,6,11
598,57492,10408,No,Yes,6,3
599,69689,11937,Yes,No,8,11
600,80749,14503,No,No,3,3
601,86362,3184,No,No,5,9
602,99513,11532,Yes,No,7,3
603,28455,13358,No,Yes,3,5
604,78976,7697,Yes,Yes,7,3
605,75795,7386,Yes,Yes,4,11
606,64508,6239,No,No,1,5
607,44420,7711,Yes,Yes,2,5
608,66697,10261,Yes,Yes,5,9
609,54145,4477,No,No,1,9
610,85478,3789,No,Yes,5,3
611,36024,14309,No,No,7,9
612,42699,14349,No,Yes,4,11
613,19683,8915,No,Yes,7,9
614,83866,4610,Yes,No,6,5
615,62974,14399,No,No,8,3
616,29617,13354,No,Yes,8,3
617,11023,9246,No,Yes,4,9
618,30328,10655,Yes,Yes,2,3
619,84064,3138,No,No,6,9
620,33597,9315,No,Yes,8,11
621,18021,11473,Yes,Yes,5,9
622,50806,4194,Yes,Yes,8,3
623,35190,7746,Yes,No,8,3
624,40733,14973,No,No,8,11
625,71303,6098,Yes,No,6,11
626,11295,14987,Yes,No,6,5
627,38268,4200,No,No,6,9
628,91337,10043,Yes,No,9,3
629,11311,5614,No,No,5,5
630,87945,13976,No,No,6,9
631,57836,12076,No,Yes,2,5
632,79651,13464,Yes,No,8,3
633,60827,4642,No,Yes,6,11
634,43888,14008,No,No,1,9
635,84994,11947,Yes,Yes,1,11
636,12919,9572,No,No,4,9
637,37590,5375,No,No,8,5
638,63279,13061,No,Yes,1,3
639,33396,6854,Yes,No,3,3
640,90156,11262,Yes,Yes,3,5
641,45249,9980,No,Yes,2,11
642,85812,12327,Yes,No,6,11
643,71681,12337,No,No,3,5
644,92687,11620,Yes,No,1,11
645,17768,13321,Yes,Yes,1,3
646,19409,7513,No,Yes,3,11
647,93275,12414,No,Yes,8,3
648,78569,6980,No,No,4,5
649,73637,10914,Yes,No,6,9
650,57499,7406,No,Yes,9,5
651,69221,11695,No,Yes,8,11
652,78319,6428,Yes,No,1,11
653,12976,14738,No,No,8,5
654,60089,10989,Yes,Yes,9,9
655,11930,3635,No,Yes,4,9
656,72698,14825,Yes,Yes,5,11
657,53775,10536,No,Yes,8,3
658,90377,5230,No,Yes,3,11
659,94333,13682,No,No,4,3
660,47950,10087,No,Yes,2,5
661,92225,11493,Yes,Yes,8,5
662,33293,11383,No,Yes,2,5
663,33884,3497,No,Yes,9,9
664,30221,3925,Yes,No,9,9
665,56052,3203,Yes,Yes,8,9
666,88446,10289,Yes,No,2,9
667,75482,14244,No,Yes,3,3
668,89913,4244,Yes,No,9,11
669,62731,5210,Yes,Yes,9,11
670,81073,7834,No,No,1,5
671,34202,4940,Yes,No,6,3
672,43888,14507,Yes,Yes,6,5
673,62830,10400,No,Yes,5,9
674,57051,8570,No,Yes,9,5
675,53300,12090,No,Yes,9,9
676,24831,10909,No,Yes,2,5
677,28708,9870,Yes,No,5,9
678,48149,8140,Yes,No,7,9
679,63847,14012,Yes,Yes,6,9
680,85160,3227,Yes,No,6,9
681,37091,11798,Yes,Yes,8,5
682,16261,6426,No,Yes,9,11
683,33333,7130,Yes,No,2,5
684,71169,4647,Yes,No,5,11
685,23187,3076,Yes,No,9,3
686,85330,12293,No,No,1,5
687,72078,11593,Yes,No,6,5
688,78324,4606,No,Yes,3,11
689,95537,10415,No,No,7,11
690,23120,13081,Yes,Yes,9,5
691,44193,3079,Yes,No,8,5
692,79731,5539,No,Yes,3,3
693,83750,9324,Yes,Yes,7,3
694,36316,12509,Yes,No,6,9
695,71852,7918,No,Yes,8,11
696,63942,12731,Yes,Yes,2,5
697,82598,3927,Yes,No,6,11
698,74872,4354,Yes,Yes,7,11
699,35526,9410,Yes,Yes,9,11
700,95704,3167,Yes,Yes,9,3
701,97649,3324,No,No,7,9
702,71635,5961,No,Yes,1,9
703,92471,13261,No,No,7,11
704,55561,7416,Yes,No,5,11
705,28044,14058,Yes,No,4,9
706,88548,14586,Yes,Yes,3,3
707,85150,13535,Yes,Yes,6,9
708,44217,7090,No,No,9,9
709,35783,5226,Yes,Yes,6,5
710,24707,8665,No,Yes,1,5
711,11075,3814,Yes,Yes,2,9
712,66506,14656,No,Yes,4,5
713,46286,13390,No,Yes,1,11
714,28124,13156,No,Yes,8,3
715,69349,4980,No,No,7,5
716,59899,6588,Yes,No,5,5
717,59290,13196,Yes,No,5,5
718,30577,10146,Yes,No,2,5
719,18048,8327,No,No,1,5
720,34465,10591,Yes,No,3,3
721,36544,6200,No,Yes,9,3
722,60181,6603,Yes,Yes,3,5
723,22311,6321,Yes,No,4,5
724,32186,6118,No,Yes,1,5
725,63630,3685,Yes,No,5,5
726,23391,5814,Yes,No,3,5
727,82320,14229,Yes,Yes,5,5
728,76315,10837,Yes,Yes,6,9
729,28916,10557,No,Yes,9,9
730,73198,7258,No,Yes,9,9
731,54428,6805,Yes,Yes,7,3
732,75282,13136,No,No,8,11
733,85266,10039,Yes,No,9,9
734,91613,3291,No,No,9,3
735,57544,12616,No,No,7,11
736,78927,14722,Yes,No,9,5
737,30409,7713,Yes,Yes,5,11
738,44091,6542,No,No,1,5
739,39260,3969,Yes,No,9,3
740,88183,6427,No,Yes,6,3
741,29888,12656,Yes,Yes,6,11
742,10853,12865,No,Yes,4,5
743,36002,10736,Yes,Yes,7,9
744,45510,4614,Yes,No,5,3
745,24077,6631,No,No,6,11
746,77312,12670,No,Yes,9,5
747,39501,8441,No,Yes,2,9
748,49092,12704,Yes,Yes,3,11
749,79701,11075,No,No,1,5
750,67215,4261,No,No,6,3
751,71234,7701,Yes,No,3,9
752,97558,3769,No,No,9,9
753,78157,12096,No,Yes,3,3
754,37701,6305,No,No,9,3
755,28317,10065,Yes,Yes,5,5
756,73881,14053,Yes,Yes,4,3
757,14705,13839,Yes,No,5,11
758,40308,8793,Yes,Yes,3,9
759,22560,14711,Yes,No,6,9
760,26309,13504,Yes,Yes,2,9
761,37608,9994,Yes,No,9,11
762,25458,14113,Yes,Yes,6,3
763,36729,13603,No,No,4,11
764,27180,7901,No,Yes,8,9
765,28799,14892,No,No,7,3
766,96497,8901,Yes,No,7,5
767,97601,7804,Yes,No,9,11
768,76875,3509,Yes,No,9,5
769,82290,14424,Yes,Yes,5,11
770,50494,6489,Yes,Yes,6,11
771,52749,9886,No,No,9,9
772,26300,8685,Yes,No,8,9
773,90082,4616,Yes,Yes,5,5
774,41171,12628,Yes,Yes,7,5
775,13439,14984,No,Yes,2,11
776,34737,4449,No,No,4,3
777,68221,4507,Yes,No,7,11
778,91855,13701,No,Yes,6,11
779,40992,10363,Yes,No,5,3
780,23118,4158,Yes,No,6,11
781,18698,10683,Yes,Yes,9,5
782,33245,14190,Yes,No,5,11
783,29513,8067,Yes,Yes,3,11
784,49747,14404,No,Yes,8,11
785,97409,10557,No,No,9,5
786,13719,8219,Yes,Yes,9,11
787,31933,8396,Yes,No,4,5
788,39484,7049,Yes,No,6,9
789,91909,3784,Yes,No,3,3
790,26613,7375,Yes,No,9,9
791,86806,14646,No,No,9,9
792,89555,11213,No,Yes,7,9
793,22384,7192,Yes,No,3,3
794,90418,11271,Yes,No,7,5
795,13985,3103,No,No,9,5
796,67500,13068,No,Yes,4,11
797,44172,7341,Yes,No,9,11
798,57462,5482,Yes,Yes,4,3
799,22777,12931,No,Yes,3,3
800,24703,5423,No,No,2,11
801,99886,11809,Yes,No,7,11
802,36619,14555,Yes,Yes,9,11
803,66157,5188,Yes,No,4,9
804,50307,4337,Yes,No,5,3
805,83227,10697,No,Yes,4,9
806,36994,12514,No,No,1,11
807,51418,5879,Yes,Yes,1,5
808,76151,9901,No,No,3,5
809,69637,3303,Yes,Yes,9,9
810,74619,6758,Yes,No,9,9
811,33769,9207,No,Yes,6,5
812,30782,9871,No,No,7,3
813,57849,4253,No,No,5,11
814,84413,14837,No,Yes,9,9
815,42580,10907,Yes,No,9,3
816,61673,7846,No,Yes,2,9
817,63357,12663,No,Yes,5,11
818,83821,9590,Yes,No,1,11
819,75188,4847,No,No,1,11
820,76939,8314,No,No,6,11
821,79477,8650,No,Yes,2,9
822,37369,3948,Yes,No,2,11
823,22838,13142,Yes,Yes,7,9
824,34236,14940,Yes,No,7,5
825,80803,14304,Yes,No,2,11
826,39837,11660,Yes,No,1,3
827,37907,11257,Yes,Yes,1,11
828,90209,13618,No,Yes,3,5
829,39686,6539,No,No,7,3
830,38641,8366,Yes,Yes,2,5
831,42666,5594,Yes,Yes,9,11
832,67992,9354,Yes,No,2,5
833,92640,4876,No,Yes,2,3
834,23037,6049,Yes,Yes,5,11
835,33955,11852,No,No,3,3
836,96189,6328,No,Yes,5,11
837,17913,11104,Yes,Yes,5,5
838,97769,4039,No,Yes,3,5
839,28884,4099,No,No,2,11
840,56447,5296,Yes,No,1,11
841,51918,9609,Yes,Yes,7,11
842,73364,13568,No,No,3,11
843,45956,14029,No,No,9,3
844,31425,14969,Yes,Yes,3,3
845,28609,5547,Yes,No,4,5
846,61659,4747,Yes,No,7,9
847,21695,10805,Yes,Yes,8,3
848,42199,10282,No,Yes,6,3
849,69507,3319,Yes,No,2,9
850,10474,5881,No,No,3,11
851,50086,6863,Yes,Yes,8,11
852,59221,10014,Yes,No,2,3
853,25100,14734,No,No,9,5
854,13921,8220,No,Yes,2,3
855,73375,9425,No,No,8,3
856,31457,9949,Yes,Yes,4,3
857,37661,7511,No,Yes,1,3
858,87986,14743,No,No,7,3
859,47443,6216,No,No,7,3
860,92778,6255,No,Yes,4,5
861,78194,8344,Yes,Yes,8,11
862,23928,3325,Yes,Yes,6,5
863,77095,12803,Yes,Yes,9,11
864,31181,8097,Yes,Yes,1,3
865,98771,4801,Yes,No,1,11
866,15713,5426,No,No,9,5
867,90657,5187,Yes,No,9,11
868,92333,6578,No,No,4,11
869,71939,8902,Yes,Yes,1,3
870,32940,4891,No,Yes,4,9
871,91369,11054,No,No,8,11
872,13404,14930,No,No,6,3
873,27148,5945,Yes,No,8,9
874,15730,9515,No,No,1,3
875,18807,9930,Yes,Yes,7,3
876,63517,7014,Yes,No,9,3
877,74748,3312,No,Yes,3,3
878,99076,13832,Yes,No,5,3
879,78889,11403,No,Yes,3,11
880,71261,7878,Yes,No,2,5
881,28668,12938,Yes,No,7,5
882,58704,12378,No,No,3,9
883,92133,10639,Yes,No,5,9
884,27244,4408,Yes,No,9,3
885,37740,8000,No,Yes,7,3
886,40854,7077,Yes,Yes,5,9
887,45002,12397,Yes,No,2,3
888,25434,12810,Yes,Yes,2,11
889,71936,12140,No,No,9,11
890,55075,7373,No,Yes,3,9
891,85108,11651,No,Yes,2,9
892,84211,8544,Yes,No,1,9
893,85923,4486,Yes,No,6,11
894,28253,7367,Yes,No,3,3
895,72986,7470,Yes,No,1,11
896,42842,3836,No,Yes,1,5
897,12811,12238,Yes,No,3,3
898,12121,8888,Yes,No,5,5
899,10474,4630,Yes,No,7,11
900,99029,8306,No,No,5,5
901,97503,6930,Yes,Yes,4,9
902,39354,5026,Yes,No,7,11
903,85974,11439,No,Yes,2,11
904,31276,3372,No,Yes,8,5
905,70750,8701,No,Yes,5,5
906,88003,3553,Yes,No,9,3
907,42161,3549,No,No,8,9
908,69210,14736,Yes,No,9,5
909,80658,5728,Yes,Yes,9,5
910,88604,3003,Yes,No,5,11
911,84167,8111,No,Yes,4,3
912,92583,9525,No,Yes,3,3
913,25470,7809,No,No,5,5
914,81516,5259,No,No,1,5
915,46966,12566,Yes,Yes,4,11
916,97490,3192,No,No,9,9
917,51700,7273,Yes,No,5,5
918,73626,8551,No,Yes,4,11
919,61897,3223,Yes,No,4,3
920,13595,7034,No,Yes,7,3
921,15376,12605,Yes,No,4,5
922,38890,8506,Yes,Yes,6,3
923,13669,13155,No,Yes,7,3
924,45565,13369,No,Yes,4,5
925,13536,7254,No,No,8,5
926,37428,6493,No,No,6,11
927,14840,8257,Yes,No,8,5
928,53565,5081,No,No,3,3
929,84979,3982,Yes,Yes,5,11
930,74008,12175,Yes,Yes,2,11
931,40098,11813,No,No,9,3
932,20472,13519,Yes,Yes,8,11
933,37807,8299,No,Yes,1,11
934,64805,3706,Yes,Yes,4,11
935,67906,9914,Yes,Yes,5,5
936,16712,12038,No,Yes,7,5
937,53746,9670,Yes,Yes,6,5
938,19519,12626,No,Yes,1,5
939,86761,6087,Yes,Yes,5,9
940,73204,4460,No,No,1,5
941,41794,6422,No,Yes,8,11
942,16636,6210,No,Yes,7,5
943,60183,8152,Yes,No,2,11
944,23634,7753,No,No,6,5
945,23749,13708,No,No,4,9
946,84465,7676,No,Yes,8,3
947,28318,6597,No,Yes,5,11
948,77035,3283,No,No,3,11
949,91794,6948,Yes,Yes,2,11
950,31909,11254,No,Yes,7,11
951,25171,9749,Yes,No,6,11
952,22703,10936,Yes,Yes,5,9
953,37134,4795,Yes,No,7,5
954,48260,11323,Yes,Yes,7,11
955,61683,5707,Yes,Yes,3,5
956,93563,4842,No,Yes,9,3
957,65111,8933,No,No,4,9
958,76304,4370,No,No,2,5
959,46898,7169,Yes,No,5,9
960,86840,11303,Yes,Yes,8,11
961,74461,10772,No,Yes,1,11
962,68375,9424,Yes,Yes,8,5
963,50678,5403,Yes,Yes,2,3
964,89997,3685,Yes,Yes,1,11
965,68678,13807,Yes,No,3,3
966,62519,11705,Yes,Yes,7,11
967,74013,8670,No,No,6,5
968,92602,6221,Yes,Yes,1,3
969,54881,4667,Yes,No,2,3
970,61167,13480,Yes,Yes,5,9
971,94647,8859,No,No,3,3
972,60090,5148,No,No,1,9
973,65606,6055,Yes,Yes,8,3
974,95769,6501,Yes,Yes,3,9
975,72512,11074,Yes,Yes,7,11
976,63776,10531,No,Yes,9,9
977,32788,12144,Yes,No,1,5
978,22184,5398,Yes,No,8,9
979,26382,6018,No,No,2,11
980,10747,9061,Yes,Yes,9,9
981,11926,3407,Yes,Yes,2,11
982,29200,12412,Yes,No,8,11
983,52974,4219,No,Yes,8,3
984,64236,6269,No,No,1,5
985,49587,11909,No,Yes,4,3
986,81879,4390,Yes,No,8,9
987,60806,8527,Yes,No,1,9
988,74697,14972,No,Yes,5,9
989,29859,10713,Yes,No,6,11
990,33676,4816,No,Yes,1,9
991,72528,11072,Yes,Yes,3,3
992,71511,8340,Yes,Yes,8,11
993,36576,5036,Yes,No,3,5
994,42596,14151,No,Yes,2,9
995,67055,6908,Yes,Yes,4,9
996,74525,13943,Yes,Yes,4,3
997,39393,3516,No,No,5,9
998,37460,10604,Yes,No,8,9
999,86840,11277,Yes,Yes,9,9
1000,20312,14150,Yes,Yes,4,5
1001,35831,3920,No,Yes,8,3
1002,16851,12427,No,Yes,9,9
1003,54462,7748,No,Yes,3,3
1004,13948,4488,No,Yes,2,9
1005,63207,13139,Yes,No,6,11
1006,10028,14701,Yes,Yes,8,11
1007,83604,5050,Yes,No,5,5
1008,17675,3898,Yes,Yes,5,3
1009,77016,5621,No,No,4,3
1010,39636,4030,No,Yes,4,9
1011,55668,6520,No,No,8,11
1012,38771,13567,Yes,Yes,6,11
1013,81939,3030,No,Yes,6,11
1014,22632,6081,Yes,No,2,3
1015,45791,11303,Yes,No,8,3
1016,64655,12027,Yes,Yes,9,3
1017,63525,10424,Yes,No,1,9
1018,74376,4768,Yes,No,8,9
1019,15868,12750,Yes,No,9,3
1020,57495,6018,No,No,5,11
1021,42515,6270,Yes,Yes,9,11
1022,17238,5239,Yes,Yes,5,11
1023,64948,9646,No,No,4,3
1024,19096,10612,No,No,5,5
1025,70339,8902,No,Yes,8,9
1026,34153,3156,Yes,Yes,6,11
1027,69180,3220,Yes,Yes,2,5
1028,60336,11632,Yes,Yes,9,3
1029,78111,6868,No,No,2,3
1030,72684,6034,No,Yes,5,3
1031,79970,11843,No,No,2,11
1032,63171,6897,Yes,Yes,7,11
1033,67094,8154,No,No,5,9
1034,76628,4318,No,Yes,2,11
1035,11819,6702,Yes,Yes,1,5
1036,86596,12838,No,No,9,9
1037,53954,6025,Yes,Yes,8,11
1038,79091,7243,No,Yes,3,3
1039,40019,12607,No,Yes,9,3
1040,13269,4721,No,No,5,5
1041,55360,12979,Yes,Yes,5,9
1042,39739,6781,Yes,No,4,9
1043,10160,12553,No,Yes,2,11
1044,97402,9787,Yes,Yes,5,5
1045,26320,13428,No,Yes,1,9
1046,72064,10049,No,No,8,3
1047,94962,3268,No,Yes,1,3
1048,32709,12743,Yes,Yes,1,3
1049,88431,5610,No,Yes,6,9
1050,46718,7023,Yes,Yes,8,9
1051,56575,7504,Yes,Yes,3,5
1052,89005,12359,Yes,Yes,4,9
1053,60189,14756,Yes,Yes,7,11
1054,82247,4016,Yes,No,7,9
1055,57384,6595,Yes,Yes,6,3
1056,84787,14830,Yes,No,6,3
1057,50696,5848,No,No,7,5
1058,84911,12111,No,No,6,9
1059,81652,8157,Yes,No,9,3
1060,43649,14280,Yes,No,8,11
1061,96511,12930,Yes,No,7,11
1062,61237,13206,Yes,No,7,3
1063,70659,13264,Yes,No,5,11
1064,30627,3718,Yes,No,3,9
1065,29454,14944,Yes,Yes,4,3
1066,63553,7612,No,Yes,6,3
1067,48336,8063,No,No,2,9
1068,79389,5094,Yes,Yes,6,3
1069,75918,12535,Yes,Yes,6,9
1070,73892,14606,No,No,1,11
1071,17347,13817,No,No,6,3
1072,16567,14943,Yes,No,1,5
1073,13866,7016,No,No,4,11
1074,48675,5214,No,Yes,3,11
1075,33118,13568,Yes,Yes,2,3
1076,34709,6715,Yes,Yes,9,3
1077,67464,3227,No,No,6,9
1078,46134,14209,Yes,No,6,9
1079,34989,8251,No,Yes,5,3
1080,62632,9989,No,Yes,7,5
1081,55002,4061,Yes,Yes,7,9
1082,14659,10148,No,No,4,3
1083,51636,12251,No,No,6,3
1084,58062,13443,Yes,No,6,3
1085,92088,9122,No,No,3,3
1086,73309,3020,Yes,Yes,8,11
1087,81797,11975,No,Yes,7,11
1088,46982,12212,No,Yes,8,3
1089,58001,8164,No,Yes,2,3
1090,76760,4563,Yes,No,8,11
1091,99937,4919,No,Yes,4,11
1092,95538,14405,No,No,1,3
1093,20292,7973,No,No,3,5
1094,15204,5553,No,No,8,5
1095,20092,4139,No,No,5,5
1096,25186,11327,No,Yes,7,11
1097,37013,6988,No,Yes,8,11
1098,20177,12116,Yes,No,6,3
1099,68386,13722,Yes,No,6,11
1100,66513,7126,Yes,Yes,8,9
1101,68262,13644,Yes,No,2,5
1102,17302,4998,Yes,Yes,3,3
1103,17146,11449,No,Yes,7,5
1104,30586,7171,Yes,Yes,8,9
1105,54131,11241,No,Yes,7,5
1106,91126,11664,Yes,No,7,9
1107,46832,5858,Yes,Yes,1,9
1108,28674,11133,No,No,4,5
1109,56366,13989,Yes,No,5,5
1110,32087,10952,No,Yes,5,11
1111,19423,14146,Yes,Yes,6,3
1112,31059,10550,Yes,Yes,4,11
1113,39866,10439,No,Yes,5,11
1114,98237,13005,No,No,9,3
1115,66588,14965,Yes,Yes,8,9
1116,95786,4940,No,No,8,5
1117,64288,6997,No,Yes,1,3
1118,27785,5176,No,Yes,1,5
1119,29877,14511,Yes,No,3,9
1120,33305,11326,Yes,No,9,5
1121,38869,6704,No,No,7,3
1122,70988,8888,No,Yes,5,5
1123,67948,13034,No,No,8,3
1124,61892,3381,No,Yes,9,11
1125,56429,3393,Yes,Yes,8,11
1126,16772,9931,No,No,7,9
1127,54516,12002,Yes,Yes,2,3
1128,67060,10109,Yes,Yes,7,5
1129,48449,11764,No,Yes,3,3
1130,58629,4880,No,Yes,4,5
1131,29055,4700,No,Yes,5,11
1132,92428,14425,Yes,No,5,3
1133,29664,11795,Yes,No,4,3
1134,38279,3391,No,Yes,2,9
1135,90515,5312,No,No,5,5
1136,97637,9909,Yes,No,9,11
1137,22205,14843,No,Yes,7,3
1138,77802,3066,Yes,No,1,5
1139,63071,11290,No,No,4,5
1140,71870,10180,No,No,2,5
1141,35782,13218,Yes,No,1,3
1142,52398,11443,No,Yes,6,9
1143,27571,8666,No,No,7,3
1144,31234,12505,Yes,Yes,4,9
1145,51097,13542,Yes,Yes,5,5
1146,44870,13443,No,No,6,5
1147,79551,12998,No,Yes,8,11
1148,36984,3440,No,Yes,7,11
1149,65040,5075,No,No,3,11
1150,30169,3344,Yes,Yes,8,5
1151,93114,4641,Yes,Yes,7,9
1152,95634,6102,Yes,No,3,11
1153,16780,14124,No,Yes,7,5
1154,74651,12805,Yes,Yes,5,5
1155,18724,7934,No,No,7,5
1156,78440,5207,Yes,No,9,5
1157,27201,9764,Yes,Yes,1,3
1158,87673,8634,Yes,No,4,9
1159,82493,7503,Yes,Yes,1,9
1160,30836,14003,No,No,9,5
1161,41611,5257,Yes,No,2,5
1162,81942,14765,Yes,No,6,9
1163,47132,13095,Yes,Yes,9,3
1164,29287,4335,No,Yes,3,9
1165,60759,3406,No,Yes,9,9
1166,64170,8988,Yes,Yes,6,3
1167,65164,14666,No,Yes,1,9
1168,33842,12829,Yes,Yes,1,9
1169,89819,10020,Yes,Yes,9,5
1170,95215,9577,No,No,9,5
1171,44552,9366,Yes,Yes,2,9
1172,22664,4554,No,Yes,2,5
1173,41118,5791,Yes,Yes,6,9
1174,54141,13303,Yes,No,9,9
1175,19562,3599,Yes,No,6,3
1176,99001,14655,No,Yes,7,5
1177,72584,7968,Yes,No,1,11
1178,67834,14621,No,No,1,3
1179,17992,3671,Yes,No,6,11
1180,56237,10371,Yes,Yes,8,3
1181,29998,10454,Yes,Yes,1,9
1182,65695,8003,No,No,5,5
1183,73715,6126,No,No,5,5
1184,34359,10789,Yes,No,7,5
1185,46046,4000,No,Yes,2,5
1186,99946,8765,Yes,Yes,1,9
1187,63594,11006,No,No,2,9
1188,53458,4251,Yes,Yes,4,5
1189,29820,13166,Yes,No,6,3
1190,54299,9918,No,Yes,3,11
1191,26896,14021,Yes,No,1,9
1192,76134,11383,Yes,No,1,11
1193,64511,4003,No,No,4,11
1194,60416,11387,No,No,5,11
1195,21946,10082,No,Yes,1,5
1196,93236,10316,No,Yes,2,3
1197,84228,8235,No,No,1,5
1198,58675,6490,Yes,No,8,11
1199,79323,9956,Yes,Yes,2,3
1200,52863,8720,No,No,5,9
1201,51307,8744,No,No,1,3
1202,18598,13761,Yes,Yes,7,5
1203,10827,7478,Yes,No,7,11
1204,19770,14649,Yes,No,1,3
1205,77332,12670,Yes,No,1,3
1206,23946,4972,Yes,Yes,6,9
1207,69947,7042,Yes,Yes,5,9
1208,45955,11777,No,Yes,5,3
1209,18145,13774,No,No,4,9
1210,80098,9566,Yes,Yes,8,11
1211,38737,13937,No,Yes,1,3
1212,29634,11219,Yes,Yes,1,5
1213,81338,6945,No,No,3,9
1214,83016,4214,No,Yes,4,5
1215,74686,13043,No,No,7,11
1216,10005,7318,No,No,1,3
1217,14113,13181,Yes,Yes,8,3
1218,92842,10799,Yes,Yes,4,3
1219,40402,3185,Yes,Yes,9,11
1220,66209,12331,Yes,Yes,3,3
1221,83254,9678,No,Yes,7,3
1222,61523,7373,Yes,No,5,3
1223,56255,11790,Yes,Yes,7,3
1224,67886,14965,Yes,Yes,3,3
1225,91027,14536,Yes,No,3,9
1226,94017,8398,No,No,3,3
1227,88828,6605,No,No,5,11
1228,20332,4354,Yes,Yes,6,3
1229,65050,12722,No,No,2,3
1230,79195,8769,No,No,7,3
1231,88149,7411,No,No,6,3
1232,12169,9851,Yes,Yes,4,3
1233,51452,7331,Yes,No,7,9
1234,23628,8455,Yes,Yes,2,9
1235,20204,10266,No,Yes,9,5
1236,13151,4290,Yes,No,4,5
1237,82509,8933,Yes,No,4,5
1238,32649,9638,Yes,No,1,5
1239,48896,13990,Yes,No,6,11
1240,63609,7059,No,Yes,9,5
1241,91295,6970,Yes,Yes,7,3
1242,83099,10994,No,No,7,11
1243,85576,7061,No,No,3,9
1244,98702,4963,Yes,No,7,5
1245,49102,14467,No,No,6,9
1246,60883,3772,Yes,Yes,2,11
1247,25299,8119,No,Yes,3,3
1248,43767,13401,Yes,Yes,9,9
1249,71301,5239,No,Yes,5,9
1250,16021,7835,No,Yes,5,5
1251,91027,3247,Yes,Yes,2,9
1252,77343,13865,Yes,No,5,11
1253,21480,10951,No,No,7,3
1254,15830,13332,No,No,5,3
1255,25220,10855,Yes,Yes,4,5
1256,65352,3891,Yes,No,1,3
1257,62566,7782,Yes,Yes,3,3
1258,28653,6708,Yes,No,5,11
1259,24443,8624,Yes,No,3,3
1260,71523,4995,No,Yes,1,5
1261,10830,6367,Yes,Yes,2,9
1262,17344,4489,No,Yes,9,9
1263,35865,4575,Yes,Yes,8,3
1264,44230,7533,Yes,No,9,9
1265,62619,8211,Yes,No,2,3
1266,24099,14949,No,Yes,2,9
1267,78364,3568,No,Yes,7,5
1268,65018,11028,Yes,No,3,11
1269,33470,3954,No,No,9,11
1270,14024,7620,No,No,2,9
1271,37402,13993,No,Yes,2,9
1272,32799,6347,Yes,Yes,8,11
1273,16485,12105,No,Yes,6,9
1274,61787,10779,No,No,5,5
1275,71601,11170,Yes,No,2,5
1276,46923,13459,Yes,No,8,9
1277,81568,14735,No,No,4,5
1278,88884,5904,Yes,No,5,11
1279,34148,9644,No,No,2,9
1280,69700,14794,Yes,No,3,3
1281,74101,9204,No,Yes,1,5
1282,21750,14223,Yes,Yes,6,5
1283,93634,13169,No,Yes,4,11
1284,40278,8819,Yes,No,1,11
1285,65765,12885,Yes,No,3,11
1286,37372,13232,No,Yes,6,5
1287,91437,5205,No,Yes,6,5
1288,10956,13427,No,Yes,4,5
1289,78878,5907,No,No,5,9
1290,28493,14569,Yes,Yes,1,5
1291,90022,14379,Yes,No,2,9
1292,50659,9303,Yes,No,1,9
1293,93828,14867,No,No,3,3
1294,12902,13443,Yes,No,9,11
1295,69401,11623,Yes,No,6,3
1296,73773,3464,No,Yes,9,3
1297,81641,3664,Yes,No,5,5
1298,88529,9225,Yes,No,5,3
1299,50354,11173,No,No,1,9
1300,17980,3064,No,No,5,5
1301,34435,11900,No,No,8,9
1302,77500,7866,Yes,No,5,9
1303,56474,3843,Yes,No,8,3
1304,12592,14141,No,No,6,3
1305,10453,10786,Yes,No,3,3
1306,72409,3942,Yes,Yes,9,5
1307,93233,6844,No,Yes,9,3
1308,97350,7496,No,No,7,9
1309,58017,10505,No,No,6,9
1310,16581,12751,No,Yes,2,3
1311,42583,9152,No,No,4,5
1312,51811,3556,Yes,No,8,9
1313,14212,5125,No,Yes,2,3
1314,63790,4397,Yes,No,1,9
1315,19141,5926,Yes,Yes,8,11
1316,96817,11849,No,Yes,9,9
1317,11726,13938,Yes,Yes,1,9
1318,88879,8638,Yes,No,4,5
1319,97312,12260,Yes,No,8,11
1320,21642,4727,Yes,No,9,9
1321,57325,11319,Yes,Yes,9,11
1322,39709,7782,No,Yes,4,9
1323,22694,10203,Yes,Yes,1,3
1324,84508,5934,Yes,No,6,9
1325,72416,14227,No,No,3,11
1326,78205,9406,No,No,9,5
1327,12873,11202,Yes,Yes,1,11
1328,49867,7393,Yes,No,9,3
1329,50661,9546,Yes,Yes,6,11
1330,97427,4075,No,Yes,2,3
1331,92330,9963,Yes,No,2,3
1332,11259,14720,No,Yes,9,5
1333,74936,3907,No,Yes,5,5
1334,40933,4336,Yes,No,4,3
1335,52136,3903,Yes,Yes,5,3
1336,83809,14411,Yes,No,3,5
1337,93470,6954,Yes,No,1,11
1338,39433,4243,No,Yes,7,9
1339,46555,9463,No,No,7,3
1340,90432,14370,No,No,8,11
1341,82417,3678,No,No,2,3
1342,22636,11761,No,Yes,7,3
1343,92444,7305,No,Yes,3,9
1344,84672,11283,Yes,No,1,11
1345,84308,7322,Yes,Yes,2,9
1346,62939,8429,Yes,Yes,9,11
1347,65436,12248,No,No,6,3
1348,20131,8615,No,Yes,8,3
1349,66406,10038,No,Yes,2,9
1350,71988,7159,Yes,Yes,6,3
1351,79212,12751,No,No,9,11
1352,54274,6953,No,No,9,9
1353,15349,8298,No,No,5,3
1354,29909,13889,No,No,7,5
1355,10653,8333,Yes,Yes,9,3
1356,34777,4384,Yes,Yes,8,3
1357,27777,3268,Yes,Yes,6,3
1358,31770,7980,Yes,Yes,4,5
1359,10810,4317,Yes,No,3,5
1360,11635,6374,Yes,No,5,9
1361,61863,13730,Yes,No,1,5
1362,47308,12892,Yes,No,3,11
1363,34734,11750,Yes,Yes,8,11
1364,71468,11703,No,No,4,11
1365,13121,6164,No,Yes,7,9
1366,28543,11218,Yes,Yes,7,11
1367,35946,8467,No,No,4,3
1368,89221,8676,Yes,No,5,9
1369,39278,5411,No,Yes,2,11
1370,36989,6079,No,Yes,8,3
1371,83902,10217,No,No,5,3
1372,48272,6115,Yes,Yes,6,9
1373,93917,8331,Yes,Yes,8,11
1374,53030,14361,Yes,Yes,6,3
1375,25432,7184,No,No,8,9
1376,16361,7684,Yes,Yes,1,11
1377,61368,14355,Yes,Yes,9,11
1378,40927,7342,Yes,No,5,3
1379,63229,8876,Yes,No,6,3
1380,60804,13393,No,No,8,11
1381,17020,4889,No,No,7,9
1382,23412,8134,Yes,Yes,2,3
1383,15428,4062,No,No,7,9
1384,59860,11141,Yes,No,9,3
1385,31726,6459,No,No,2,3
1386,78290,7215,No,Yes,4,5
1387,95533,3697,No,No,9,9
1388,43693,3565,Yes,Yes,1,9
1389,35775,11269,No,Yes,8,9
1390,26861,5765,No,No,5,9
1391,26437,5574,No,No,8,5
1392,18209,13706,Yes,No,7,3
1393,54944,8501,Yes,Yes,2,9
1394,93069,6626,Yes,Yes,7,11
1395,17313,7609,No,Yes,3,11
1396,16068,11566,No,No,7,3
1397,61450,10493,No,No,8,3
1398,41399,9028,Yes,No,1,5
1399,59157,7148,No,No,1,3
1400,90227,14185,No,Yes,5,11
1401,82123,10302,No,No,1,11
1402,16115,4773,Yes,No,4,3
1403,90621,3814,Yes,No,2,5
1404,29372,9904,No,Yes,5,11
1405,75418,5156,No,No,5,11
1406,53493,12584,Yes,No,6,5
1407,16909,13686,No,Yes,1,3
1408,33762,11223,No,No,2,11
1409,10515,9817,Yes,No,9,5
1410,33270,10990,No,No,9,11
1411,33862,10432,Yes,No,1,11
1412,93436,14453,No,No,4,11
1413,78488,7457,Yes,No,7,9
1414,64725,3263,No,Yes,3,9
1415,79909,5460,No,Yes,1,3
1416,20162,9361,Yes,Yes,3,3
1417,13467,14938,Yes,No,4,3
1418,11647,8274,Yes,Yes,3,5
1419,75260,11159,Yes,No,6,5
1420,23489,9989,Yes,No,3,11
1421,12493,14301,No,Yes,6,3
1422,50576,13790,No,No,6,5
1423,13289,4195,Yes,Yes,1,11
1424,31393,14046,Yes,No,3,5
1425,94887,6154,No,Yes,8,9
1426,19439,12587,No,Yes,5,5
1427,28738,6477,Yes,Yes,8,5
1428,53776,5547,No,No,7,3
1429,98901,10184,Yes,Yes,6,5
1430,45272,12887,No,No,2,3
1431,77278,5767,No,Yes,9,11
1432,48274,5521,Yes,No,3,3
1433,46239,3736,No,Yes,3,11
1434,69539,12413,No,Yes,6,3
1435,96795,4827,Yes,No,9,9
1436,34883,13672,No,Yes,6,3
1437,47607,4074,No,No,3,11
1438,70374,10250,Yes,No,7,5
1439,53539,3967,Yes,No,4,3
1440,71284,14231,No,Yes,8,5
1441,11750,4685,Yes,No,3,11
1442,88208,9126,No,No,9,9
1443,53022,14239,Yes,Yes,5,3
1444,86915,5757,Yes,No,2,9
1445,39645,10597,Yes,Yes,5,5
1446,87798,10322,Yes,Yes,3,11
1447,65037,5683,No,Yes,9,5
1448,55803,14553,Yes,Yes,6,11
1449,79187,13856,No,Yes,4,5
1450,58586,12002,Yes,Yes,4,9
1451,24146,14769,Yes,Yes,2,3
1452,39039,7226,Yes,Yes,8,11
1453,46688,6605,No,Yes,9,3
1454,61152,4848,No,No,6,9
1455,75529,8314,No,Yes,6,5
1456,42203,11980,No,Yes,1,11
1457,17268,5547,No,No,7,3
1458,96019,7902,No,No,7,9
1459,62208,3211,Yes,Yes,2,9
1460,79273,9968,Yes,Yes,2,3
1461,61070,8209,Yes,No,3,11
1462,90100,14045,Yes,No,8,3
1463,79753,4486,Yes,No,2,5
1464,17367,8608,No,No,7,5
1465,72310,4043,Yes,No,7,3
1466,80324,8900,Yes,No,2,3
1467,52283,4940,Yes,No,4,9
1468,90503,13688,Yes,Yes,3,3
1469,89038,13269,Yes,Yes,6,11
1470,63259,5364,No,Yes,4,3
1471,10502,5691,No,Yes,5,9
1472,45659,7928,Yes,No,4,3
1473,24177,12925,Yes,Yes,4,11
1474,73720,11987,Yes,Yes,2,3
1475,31827,3926,Yes,Yes,1,9
1476,40105,11884,No,No,4,5
1477,39279,3341,No,Yes,3,5
1478,83519,3717,No,Yes,8,3
1479,17345,11815,No,Yes,2,9
1480,92627,5837,Yes,No,2,11
1481,56190,6237,Yes,Yes,8,11
1482,85430,11793,Yes,Yes,3,9
1483,45249,9757,No,Yes,7,3
1484,91367,13110,Yes,Yes,7,9
1485,77782,8605,No,No,2,3
1486,42749,12835,Yes,Yes,4,9
1487,91891,4931,Yes,No,4,5
1488,15988,8319,No,No,7,5
1489,48276,10144,Yes,Yes,7,5
1490,68766,6043,Yes,No,9,5
1491,51512,7205,No,No,1,11
1492,78990,3050,No,No,4,3
1493,86210,14950,Yes,No,1,5
1494,59310,11562,No,No,2,3
1495,97031,11520,No,Yes,2,3
1496,66077,11578,Yes,Yes,5,11
1497,35483,13262,No,No,8,3
1498,10104,6923,No,Yes,5,11
1499,15192,7226,Yes,No,9,3
1500,98890,5495,No,Yes,2,5
1501,68252,9287,No,Yes,2,3
1502,16595,9411,Yes,No,6,11
1503,89990,10641,Yes,No,7,5
1504,65979,6036,Yes,No,6,9
1505,10806,5395,No,Yes,9,3
1506,95413,9091,Yes,Yes,4,9
1507,35943,4993,Yes,No,5,3
1508,46595,5144,Yes,No,1,3
1509,96578,4169,No,No,6,5
1510,69432,3556,No,No,7,3
1511,93094,9177,Yes,Yes,2,11
1512,56660,14688,Yes,No,4,3
1513,10486,11097,No,No,6,11
1514,25836,13379,No,Yes,3,3
1515,55157,13402,Yes,No,6,9
1516,78351,5079,Yes,Yes,5,9
1517,67668,11218,No,Yes,7,5
1518,18683,8324,Yes,No,4,11
1519,85343,7717,No,No,6,5
1520,62300,9903,No,No,3,5
1521,65846,9280,No,No,1,11
1522,20234,8170,Yes,No,4,3
1523,66349,13529,Yes,Yes,8,11
1524,92957,6729,Yes,No,9,11
1525,59592,10140,Yes,Yes,3,3
1526,20692,5416,No,No,1,5
1527,79322,12802,Yes,No,6,5
1528,57320,6162,No,Yes,8,5
1529,65330,9304,No,Yes,8,9
1530,24791,6563,No,No,5,3
1531,93851,6429,No,Yes,4,11
1532,76060,6226,No,Yes,3,11
1533,42378,5893,Yes,No,2,9
1534,45811,13374,Yes,No,9,5
1535,97661,5891,Yes,Yes,1,5
1536,16704,12585,Yes,No,8,9
1537,79923,13752,No,Yes,1,11
1538,82818,9700,Yes,No,3,3
1539,66001,5283,No,No,5,3
1540,11053,13389,No,Yes,6,11
1541,97196,5027,No,Yes,5,9
1542,28058,12180,No,Yes,6,5
1543,55441,5607,No,No,6,5
1544,34649,8509,Yes,Yes,2,11
1545,37711,7270,No,Yes,2,11
1546,91570,13493,Yes,No,4,11
1547,96509,5762,No,Yes,4,9
1548,49016,11294,No,No,7,3
1549,79467,3831,Yes,No,6,5
1550,91827,6322,Yes,No,2,5
1551,74067,6661,Yes,Yes,5,11
1552,32844,8451,No,Yes,5,11
1553,48690,6082,Yes,No,1,3
1554,23160,5483,No,Yes,4,11
1555,40958,12307,No,Yes,1,11
1556,55290,10762,No,No,8,9
1557,84913,9811,Yes,No,7,11
1558,95286,8225,No,Yes,7,9
1559,72501,5802,Yes,Yes,4,5
1560,10472,7735,Yes,Yes,5,11
1561,57685,4261,No,No,8,11
1562,24691,5642,No,Yes,9,3
1563,62665,4918,No,Yes,6,5
1564,30412,12611,No,No,4,3
1565,27916,12598,Yes,No,4,3
1566,73581,13681,No,Yes,2,5
1567,11164,6798,No,Yes,3,9
1568,93545,8189,Yes,Yes,2,3
1569,76649,9717,No,Yes,6,3
1570,64156,5989,Yes,Yes,2,5
1571,25051,14537,Yes,No,7,9
1572,63198,4156,Yes,Yes,8,5
1573,92188,11985,Yes,No,8,5
1574,16582,14746,Yes,Yes,5,3
1575,65660,8004,Yes,No,3,9
1576,29183,4742,No,Yes,3,3
1577,24455,11542,Yes,No,8,11
1578,16201,3503,No,No,1,9
1579,84577,14205,No,No,3,5
1580,41204,10438,No,No,3,3
1581,15854,14560,No,Yes,4,11
1582,69018,14163,Yes,No,9,3
1583,89994,12532,No,No,8,11
1584,51275,14539,No,Yes,6,5
1585,86283,3627,No,Yes,1,11
1586,24801,11661,No,Yes,3,5
1587,53630,7045,No,No,6,5
1588,74323,8686,No,Yes,9,5
1589,49673,5575,No,No,4,9
1590,96910,11901,Yes,Yes,5,11
1591,37593,14737,Yes,Yes,2,5
1592,87140,7814,Yes,No,7,3
1593,43432,5323,Yes,No,7,5
1594,23312,3557,No,Yes,7,5
1595,51610,8957,No,Yes,6,9
1596,93397,8184,Yes,Yes,2,3
1597,21694,7281,Yes,No,6,9
1598,92507,10290,Yes,Yes,2,5
1599,86824,4663,No,Yes,2,11
1600,15818,9419,Yes,No,7,3
1601,81859,3665,Yes,Yes,8,5
1602,74207,3513,Yes,Yes,9,9
1603,44396,14575,No,Yes,5,11
1604,24743,9728,No,No,4,9
1605,14377,12959,No,No,2,9
1606,65183,10663,Yes,Yes,7,11
1607,33602,12613,No,No,5,3
1608,18193,12043,Yes,No,4,9
1609,51631,11741,Yes,Yes,5,3
1610,73241,8929,No,No,3,11
1611,40147,3131,No,Yes,4,3
1612,22606,10110,No,No,8,11
1613,58371,10128,Yes,Yes,2,3
1614,20348,14204,Yes,Yes,7,3
1615,74357,11149,No,No,3,5
1616,90022,9456,No,Yes,7,5
1617,64160,9203,No,No,3,9
1618,81355,5218,No,Yes,7,3
1619,44476,10119,No,Yes,2,11
1620,83099,9019,Yes,No,1,11
1621,82702,5193,Yes,Yes,6,9
1622,67020,13517,Yes,Yes,1,9
1623,65168,13453,No,Yes,4,11
1624,29934,3648,Yes,Yes,5,5
1625,80227,8160,No,No,6,3
1626,40928,6896,No,No,7,9
1627,60090,13264,Yes,Yes,5,9
1628,97237,13575,No,Yes,7,3
1629,39313,6761,No,Yes,4,3
1630,12894,12797,Yes,Yes,4,5
1631,95073,10745,No,No,6,3
1632,46231,7710,No,No,7,9
1633,86429,9505,No,No,2,11
1634,89584,4383,No,Yes,4,5
1635,24460,6343,No,Yes,7,5
1636,27158,6985,No,No,9,11
1637,82368,5037,No,Yes,5,9
1638,47542,8193,No,No,9,3
1639,30148,4158,No,No,5,5
1640,42735,14137,Yes,Yes,5,3
1641,49090,13846,Yes,No,9,5
1642,69615,9836,No,No,4,3
1643,36980,5535,Yes,No,5,3
1644,73611,5547,No,No,4,5
1645,98887,5788,Yes,No,2,5
1646,20486,13255,Yes,No,2,9
1647,48399,5768,No,No,8,3
1648,24644,14410,No,Yes,7,9
1649,63782,13386,Yes,Yes,5,11
1650,57163,4428,No,No,3,5
1651,96929,13359,No,Yes,5,11
1652,24533,8471,No,Yes,2,3
1653,87714,10853,Yes,No,4,5
1654,88566,4223,No,Yes,3,3
1655,15729,4031,No,No,1,3
1656,19604,13672,Yes,No,1,5
1657,22495,3487,Yes,Yes,8,9
1658,22208,10035,Yes,No,1,11
1659,87476,10911,Yes,No,3,5
1660,10509,11635,Yes,No,3,5
1661,22887,10779,Yes,Yes,1,3
1662,84431,10264,Yes,Yes,5,9
1663,64298,14510,No,Yes,9,9
1664,17590,9794,No,No,3,11
1665,77933,7340,Yes,No,1,9
1666,61126,3357,No,Yes,6,5
1667,27189,4654,No,No,9,9
1668,85073,11006,Yes,Yes,7,11
1669,71778,9292,No,No,2,3
1670,54964,11428,No,Yes,3,5
1671,71551,9609,Yes,Yes,9,5
1672,20470,8182,No,Yes,5,3
1673,35493,9591,Yes,No,7,5
1674,86251,12791,No,Yes,4,11
1675,24060,13883,No,No,1,5
1676,55156,11332,No,No,4,9
1677,11970,14363,No,No,1,9
1678,65967,13633,No,Yes,5,11
1679,20149,9718,Yes,Yes,3,11
1680,24519,4418,Yes,No,7,9
1681,26506,6181,No,No,2,11
1682,12510,5643,Yes,No,5,11
1683,32078,11276,Yes,No,2,3
1684,29591,11245,No,No,8,3
1685,77893,13571,Yes,No,8,11
1686,93301,12869,Yes,Yes,4,3
1687,89448,6418,Yes,Yes,8,5
1688,19875,7244,No,No,2,9
1689,25966,7429,No,No,8,11
1690,42110,8503,No,No,8,9
1691,27488,13383,Yes,Yes,4,9
1692,74135,4641,No,No,5,3
1693,52150,10076,Yes,No,1,11
1694,19381,5357,No,Yes,1,5
1695,57161,14234,Yes,No,1,3
1696,33663,9058,No,No,4,11
1697,40200,14656,No,Yes,8,5
1698,49659,10544,No,No,6,5
1699,98597,14911,Yes,Yes,5,11
1700,83145,7599,Yes,No,9,11
1701,19020,14970,Yes,No,8,11
1702,77496,11218,Yes,Yes,8,11
1703,50016,6213,No,Yes,8,9
1704,55705,3806,Yes,Yes,5,9
1705,29648,13762,Yes,No,7,9
1706,12234,10247,Yes,No,2,3
1707,96467,14162,No,Yes,1,11
1708,14963,3847,Yes,Yes,6,9
1709,78282,6341,Yes,No,2,3
1710,72595,13498,No,Yes,8,5
1711,33930,10523,Yes,No,9,3
1712,85215,9973,No,Yes,8,9
1713,64677,9840,Yes,No,2,5
1714,22248,13178,No,No,9,9
1715,85937,8629,Yes,No,6,5
1716,83987,13394,Yes,Yes,1,9
1717,35745,14984,Yes,Yes,9,3
1718,48621,8631,No,Yes,1,11
1719,40287,13474,Yes,No,2,5
1720,18737,5135,No,Yes,4,3
1721,20494,11467,Yes,No,8,3
1722,61210,10910,No,No,5,11
1723,26897,14197,Yes,Yes,3,3
1724,90291,4562,No,Yes,8,5
1725,27128,14269,Yes,Yes,8,9
1726,52869,3739,Yes,Yes,3,5
1727,51074,3961,No,Yes,1,3
1728,15864,7315,No,No,2,9
1729,28420,12083,Yes,No,5,9
1730,51222,4076,No,Yes,9,9
1731,53125,12502,Yes,Yes,8,5
1732,27155,14185,Yes,Yes,9,5
1733,79886,12470,Yes,Yes,9,3
1734,19025,8976,Yes,Yes,4,5
1735,10765,5408,Yes,No,7,11
1736,89567,6996,No,No,6,5
1737,37796,12554,Yes,Yes,3,5
1738,98150,4641,No,Yes,8,11
1739,98544,6034,No,No,6,11
1740,85474,9664,Yes,Yes,7,3
1741,36287,12224,No,No,9,3
1742,99756,13205,No,No,9,3
1743,65368,6254,Yes,Yes,6,9
1744,61918,8202,No,No,7,11
1745,89045,4843,Yes,No,2,3
1746,68652,7566,Yes,Yes,2,9
1747,24217,6865,Yes,Yes,9,3
1748,53093,14798,No,Yes,4,3
1749,44991,10277,No,No,1,9
1750,11855,4080,Yes,Yes,8,9
1751,21067,3236,No,No,5,11
1752,55208,7078,No,Yes,6,5
1753,57676,6259,No,Yes,8,3
1754,49215,13528,Yes,No,1,9
1755,10174,7792,Yes,Yes,8,9
1756,12169,9394,No,No,3,11
1757,89903,3806,Yes,No,9,9
1758,31608,3936,No,Yes,2,3
1759,44439,14145,No,Yes,5,5
1760,84804,7615,No,Yes,8,9
1761,53703,3948,No,No,9,9
1762,83700,10692,Yes,No,3,5
1763,41670,7644,Yes,Yes,8,9
1764,66472,6883,No,Yes,8,11
1765,84980,6143,Yes,No,6,9
1766,24313,8915,Yes,Yes,1,5
1767,66196,4559,No,Yes,1,3
1768,27502,3606,Yes,No,3,11
1769,86104,12082,Yes,Yes,3,9
1770,52993,8132,Yes,Yes,8,11
1771,80144,9500,No,Yes,4,5
1772,27498,13309,Yes,No,3,11
1773,85855,7736,Yes,No,8,3
1774,19748,14835,Yes,Yes,2,9
1775,51592,14953,Yes,No,6,11
1776,57215,14377,No,Yes,2,9
1777,19063,11427,Yes,No,7,9
1778,97282,14816,No,No,7,9
1779,67470,7075,Yes,Yes,8,5
1780,18443,11543,Yes,Yes,9,11
1781,98259,10069,Yes,Yes,2,11
1782,64204,11374,Yes,Yes,7,3
1783,46051,10321,Yes,No,2,9
1784,76391,3667,No,No,1,9
1785,35410,14866,Yes,No,6,3
1786,91033,4704,Yes,No,8,9
1787,50181,13853,No,Yes,5,5
1788,33870,7656,Yes,Yes,4,9
1789,79000,12389,Yes,Yes,9,5
1790,94652,5058,No,Yes,4,3
1791,99992,7271,No,Yes,3,5
1792,31463,5147,No,Yes,6,5
1793,20615,12656,Yes,Yes,7,9
1794,81518,3663,No,Yes,9,9
1795,25199,3599,Yes,Yes,5,9
1796,68066,3747,No,Yes,4,5
1797,41581,10535,Yes,No,1,11
1798,12246,7346,No,No,7,9
1799,85310,4438,Yes,No,5,3
1800,10676,14044,Yes,Yes,4,9
1801,58659,9871,Yes,Yes,2,11
1802,95182,3065,No,No,5,11
1803,15153,11314,Yes,Yes,6,11
1804,98566,7029,Yes,No,9,5
1805,57868,12684,Yes,No,7,11
1806,80304,14653,No,Yes,9,9
1807,34385,12048,Yes,No,1,5
1808,45957,4687,No,Yes,6,3
1809,46469,14141,No,No,6,5
1810,50073,9152,Yes,No,8,3
1811,76830,6181,Yes,No,1,5
1812,61913,11841,Yes,Yes,3,11
1813,47021,5950,No,No,2,9
1814,58784,7790,Yes,No,3,5
1815,24921,3038,Yes,No,9,11
1816,90416,5414,No,No,5,11
1817,90059,13858,Yes,No,6,11
1818,61543,14317,No,Yes,4,5
1819,26793,14655,No,No,5,11
1820,95513,4290,Yes,Yes,2,9
1821,13656,6475,No,Yes,4,11
1822,78291,6261,No,Yes,9,11
1823,22488,10748,No,No,7,5
1824,78349,11316,Yes,Yes,8,9
1825,61601,6063,No,No,6,3
1826,75946,7615,No,No,9,9
1827,35829,11301,No,No,4,3
1828,30303,7763,Yes,Yes,6,3
1829,13753,9030,Yes,Yes,1,3
1830,25390,14170,Yes,No,6,9
1831,69532,13528,Yes,No,3,9
1832,82358,5484,Yes,Yes,5,3
1833,58607,9378,No,No,7,3
1834,58920,5730,Yes,No,6,9
1835,93414,11012,No,No,7,3
1836,31820,9463,Yes,Yes,1,11
1837,31268,7546,No,Yes,1,3
1838,28489,7997,Yes,Yes,3,11
1839,67581,3503,No,No,6,5
1840,71072,11610,No,No,5,9
1841,77075,8486,No,Yes,1,3
1842,60125,4729,No,Yes,9,5
1843,78657,9622,Yes,No,9,9
1844,25441,9269,Yes,Yes,4,5
1845,60744,14767,Yes,No,1,9
1846,76390,13589,No,Yes,2,3
1847,42958,7756,Yes,Yes,4,3
1848,61723,10504,Yes,No,3,5
1849,75735,7495,No,Yes,5,5
1850,34508,12438,No,Yes,4,9
1851,72810,14144,Yes,No,1,11
1852,83514,7201,No,Yes,4,9
1853,26734,10863,No,Yes,9,5
1854,19884,11164,No,Yes,6,11
1855,61615,8429,Yes,Yes,2,3
1856,80596,6933,Yes,Yes,7,5
1857,81740,7122,No,No,2,5
1858,45712,12023,No,No,9,11
1859,74432,13882,No,No,3,11
1860,67005,4695,Yes,No,1,11
1861,25281,9583,No,Yes,1,9
1862,16397,6312,Yes,Yes,3,11
1863,29721,5852,No,No,3,11
1864,19284,5664,Yes,No,7,5
1865,98802,6808,No,No,5,11
1866,89945,7397,No,Yes,5,3
1867,83261,11078,Yes,No,4,5
1868,88024,3092,No,Yes,3,11
1869,50936,3561,No,No,8,9
1870,49050,7991,Yes,No,3,3
1871,74693,3688,Yes,No,3,3
1872,69495,10427,No,Yes,4,11
1873,78641,12894,No,No,7,3
1874,91322,8334,Yes,No,3,3
1875,80048,4265,No,No,7,3
1876,72374,11142,No,Yes,4,5
1877,98160,9313,No,No,8,3
1878,17715,12066,No,No,3,11
1879,22116,4606,Yes,Yes,1,3
1880,82625,4253,Yes,Yes,9,11
1881,91993,3212,Yes,No,3,11
1882,61108,14156,No,No,7,5
1883,28449,13711,No,No,5,9
1884,84697,3793,Yes,Yes,9,9
1885,17403,9024,Yes,Yes,3,11
1886,58218,4603,No,Yes,3,11
1887,10860,5700,Yes,No,4,9
1888,97158,11871,No,No,1,5
1889,34380,14935,No,No,4,3
1890,42998,7769,Yes,Yes,4,9
1891,38863,5807,No,No,5,5
1892,70633,8448,Yes,Yes,3,3
1893,67911,6835,Yes,Yes,4,3
1894,24142,6845,No,Yes,1,11
1895,62491,6554,Yes,No,9,11
1896,36906,5822,Yes,Yes,2,9
1897,33663,14958,No,No,3,11
1898,60318,7566,No,No,3,11
1899,55714,6377,No,No,6,9
1900,15718,4479,Yes,Yes,7,9
1901,17865,8182,No,No,8,3
1902,19444,6233,Yes,No,6,5
1903,59544,5901,No,Yes,3,11
1904,51819,3201,Yes,No,1,11
1905,69541,10024,No,Yes,7,3
1906,38481,13399,No,No,6,5
1907,69811,3478,No,No,7,5
1908,63224,3317,No,Yes,1,5
1909,85689,11239,No,Yes,4,11
1910,65127,12866,Yes,Yes,7,9
1911,12861,10466,Yes,No,5,5
1912,51430,4552,No,No,7,5
1913,41381,4315,Yes,Yes,9,9
1914,70060,7096,No,No,6,5
1915,44581,11284,No,Yes,6,11
1916,36090,9680,No,No,1,9
1917,98381,12711,Yes,Yes,1,5
1918,72167,10896,Yes,Yes,1,9
1919,42952,7920,Yes,Yes,2,11
1920,33745,4806,Yes,No,4,11
1921,26420,13759,Yes,Yes,5,9
1922,78452,10752,No,No,8,11
1923,41177,8152,No,Yes,3,5
1924,79641,12268,Yes,No,4,5
1925,23968,14410,No,Yes,6,5
1926,63519,5892,Yes,No,4,9
1927,49681,13234,Yes,Yes,7,5
1928,37314,13404,Yes,No,2,5
1929,63719,7572,Yes,Yes,7,11
1930,38718,14938,Yes,Yes,5,5
1931,67753,10277,No,No,1,11
1932,34915,13010,No,Yes,8,5
1933,49119,14591,Yes,No,7,3
1934,97430,11680,Yes,Yes,6,9
1935,27933,3479,No,No,2,9
1936,21807,12193,No,No,4,5
1937,23542,12922,No,Yes,6,3
1938,11710,7897,Yes,Yes,9,5
1939,66358,10845,No,Yes,8,11
1940,16827,7467,Yes,No,4,5
1941,85433,13296,No,Yes,1,11
1942,54130,8434,Yes,Yes,5,11
1943,87059,11626,No,Yes,9,5
1944,88934,9818,No,No,2,11
1945,14807,7809,No,Yes,9,5
1946,84221,6097,Yes,No,3,11
1947,81656,10800,No,No,9,11
1948,78322,10718,No,Yes,2,11
1949,91724,6262,Yes,No,2,5
1950,68945,6083,Yes,No,7,3
1951,94402,12238,Yes,No,6,11
1952,67992,3841,Yes,Yes,1,5
1953,46952,10237,Yes,No,3,3
1954,56875,13334,Yes,No,7,5
1955,37110,9146,No,No,5,9
1956,72954,14105,No,Yes,7,11
1957,15585,6693,Yes,No,3,3
1958,38054,3640,No,Yes,3,9
1959,77825,14801,Yes,Yes,5,3
1960,36190,3782,No,Yes,4,3
1961,88174,6688,No,No,9,9
1962,50280,10693,Yes,No,3,9
1963,27539,3385,No,Yes,3,9
1964,61697,4124,No,Yes,3,9
1965,57586,8401,No,No,8,3
1966,82842,8174,No,Yes,1,5
1967,23005,14454,Yes,No,9,3
1968,20883,12261,No,Yes,8,3
1969,43467,10585,No,Yes,2,5
1970,59586,6494,Yes,No,4,5
1971,30950,3821,No,No,7,9
1972,97120,5750,No,No,3,3
1973,81187,4410,No,No,9,9
1974,71847,8302,No,No,2,5
1975,76026,14688,No,No,3,11
1976,39738,13619,Yes,No,8,9
1977,13154,12193,No,No,9,11
1978,11420,9017,Yes,No,1,9
1979,10372,13662,No,No,8,3
1980,87471,9943,Yes,No,8,5
1981,43409,10742,No,No,8,3
1982,84885,9429,No,Yes,9,11
1983,40552,4811,Yes,No,6,9
1984,44977,11137,Yes,Yes,8,5
1985,83869,4200,No,Yes,8,9
1986,85769,5734,Yes,No,2,11
1987,49988,10720,No,No,4,3
1988,43735,14920,Yes,No,1,9
1989,59895,14863,Yes,Yes,3,5
1990,81809,6970,Yes,Yes,5,9
1991,89911,10700,No,No,3,9
1992,71520,3554,No,No,2,9
1993,84248,7442,No,Yes,4,9
1994,99175,4328,No,No,7,9
1995,20670,14238,No,Yes,7,11
1996,28625,13462,No,Yes,4,3
1997,54728,9771,No,Yes,3,5
1998,93021,9070,No,Yes,3,11
1999,65548,8290,No,Yes,7,11
2000,82946,8188,Yes,Yes,3,3
